"title","company","role_family","opportunity_type","location","canonical_url"
"Software Development Engineer Intern","HackerRank","SWE","internship","Onsite in Bengaluru","https://job-boards.greenhouse.io/hackerrank/jobs/8229735"
".NET Development - Internship","Softel Technologies Incorporation","SWE","internship","Mumbai, Maharashtra, IN","https://internshala.com/internship/detail/net-development-internship-in-mumbai-at-softel-technologies-incorporation1790858314"
"Mobile App Development - Internship (WFH & Part Time)","Karishmatic Star Studios Private Limited","SWE","internship","Mumbai, Maharashtra, IN","https://internshala.com/internship/detail/work-from-home-mobile-app-development-internship-at-karishmatic-star-studios-private-limited1790929229"
"Software Engineer Intern","Blacklitt Technologies Pvt Ltd","SWE","internship","India","https://t.me/cs_algo/21186"
"Software Developer Intern","Skillzenloop","SWE","internship","India","https://t.me/cs_algo/21200"
"iOS App Development - Internship","SMARRTIF AI","SWE","internship","Delhi, IN","https://internshala.com/internship/detail/ios-app-development-internship-in-delhi-at-smarrtif-ai1790667706"
"Quality Analyst - Internship","Wizda Learning Solutions Private Limited","SWE","internship","Bengaluru, Karnataka, IN","https://internshala.com/internship/detail/quality-analyst-internship-in-bangalore-at-wizda-learning-solutions-private-limited1790860540"
"Data Analyst Intern","Saarthi","Data","internship","Bengaluru","https://t.me/cs_algo/21235"
"Backend Developer Intern (Python)","Linkific","SWE","internship","India","https://t.me/cs_algo/21201"
"Java Developer Intern","MediNex Workforce","SWE","internship","India","https://t.me/cs_algo/21173"
"Associate - Data Scientist","United Airlines","Data","possible_internship","Gurugram, Haryana","https://careers.united.com/us/en/job/UAIUADUSGGN00002194EXTERNALENUSTALEO"
"Python Developer Intern","MediNex Workforce","SWE","internship","India","https://t.me/cs_algo/21229"
"AI Engineer Internship","Margadeshaka","AI_ML","internship","Chandigarh","https://t.me/cs_algo/21234"
"Software Engineer Intern","Oculon.AI","SWE","internship","India","https://t.me/cs_algo/21189"
"WordPress Developer - Internship","Zytexa Technology Llp","SWE","internship","Jaipur, Rajasthan, IN","https://internshala.com/internship/detail/wordpress-developer-internship-in-jaipur-at-zytexa-technology-llp1789821931"
"AI Full Stack Intern","Electronic Arts (EA)","AI_ML","internship","Hyderabad","https://t.me/cs_algo/21172"
"Frontend Developer Intern","Linkific","SWE","internship","India","https://t.me/cs_algo/21232"
"Software Engineer Intern (Located in Bengaluru)","KnowBe4","SWE","internship","Bengaluru, Karnataka, India","https://job-boards.greenhouse.io/knowbe4/jobs/8860371002"
"AI Engineer - Internship","ClickPost","AI_ML","internship","Bengaluru","https://t.me/cs_algo/21188"
"Software Engineer Intern","Townmanor Technologies P-Ltd","SWE","internship","Noida","https://t.me/cs_algo/21171"
"Software Engineer Intern (Located in Kochi)","KnowBe4","SWE","internship","Kochi, India","https://job-boards.greenhouse.io/knowbe4/jobs/8860353002"
"Full Stack Development - Internship","Arham Insurance Brokers Pvt. Ltd.","SWE","internship","Mumbai, Maharashtra, IN","https://internshala.com/internship/detail/full-stack-development-internship-in-mumbai-at-arham-insurance-brokers-pvt-ltd1790859308"
"Automation Testing - Internship (WFH)","Voicedots Infotech","SWE","internship","Chennai, Tamil Nadu, IN","https://internshala.com/internship/detail/work-from-home-automation-testing-internship-at-voicedots-infotech1790917116"
"Automation Testing - Internship","Buoyant Labs Private Limited","SWE","internship","Mumbai, Maharashtra, IN","https://internshala.com/internship/detail/automation-testing-internship-in-mumbai-at-buoyant-labs-private-limited1789473204"
"Full-Stack Engineer Intern (Founding Team, 2 month PPO)","TinyPal","SWE","internship","Hyderabad","https://t.me/cs_algo/21226"
"Python Developer Intern","Skillzenloop","SWE","internship","India","https://t.me/cs_algo/21228"
"IT/Digital Technology - Internship","Murugappa Water Technology Solutions Private Limited","AI_ML","internship","Chennai, Tamil Nadu, IN","https://internshala.com/internship/detail/it-digital-technology-internship-in-chennai-at-murugappa-water-technology-solutions-private-limited1790767470"
"Blockchain Development - Internship","Sharcon Infrastructure Private Limited","SWE","internship","Mumbai, Maharashtra, IN","https://internshala.com/internship/detail/blockchain-development-internship-in-mumbai-at-sharcon-infrastructure-private-limited1790448394"
"Manual Testing - Internship","JSM Technologies Private Limited","SWE","internship","Bengaluru, Karnataka, IN","https://internshala.com/internship/detail/manual-testing-internship-in-bangalore-at-jsm-technologies-private-limited1790836764"
"Healthcare Data Analyst Intern","MediNex Workforce","Data","internship","India","https://t.me/cs_algo/21219"
"React Native Development - Internship","Krazio Cloud","SWE","internship","Ahmedabad, Gujarat, IN","https://internshala.com/internship/detail/react-native-development-internship-in-ahmedabad-at-krazio-cloud1790742647"
"AI Integrations - Software Intern","Bharat.Law","AI_ML","internship","Greater Delhi Area","https://t.me/cs_algo/21174"
"Mobile App Development - Internship (WFH & Part Time)","Queens Of Change Foundation","SWE","internship","Delhi, IN","https://internshala.com/internship/detail/work-from-home-mobile-app-development-internship-at-queens-of-change-foundation1790855442"
"Web Development - Internship","Neotechking Global Solutions Private Limited","SWE","internship","Pune, Maharashtra, IN","https://internshala.com/internship/detail/web-development-internship-in-pune-at-neotechking-global-solutions-private-limited1790677840"
"Agentic AI - Internship","TG Levels Private Limited","AI_ML","internship","Navi Mumbai, Maharashtra, IN","https://internshala.com/internship/detail/agentic-ai-internship-in-navi-mumbai-at-tg-levels-private-limited1790747039"
"Tech Intern (Full-Stack)","Rikruit","SWE","internship","Hyderabad","https://t.me/cs_algo/21192"
".NET Development - Internship","Assetcues Solutions Private Limited","SWE","internship","Pune, Maharashtra, IN","https://internshala.com/internship/detail/net-development-internship-in-pune-at-assetcues-solutions-private-limited1790573034"
"AI Developer Internship","Brandshark","AI_ML","internship","Bengaluru","https://t.me/cs_algo/21233"
"Web Development - Internship (WFH & Part Time)","Basti Ki Pathshala Foundation","SWE","internship","Noida, Delhi, IN","https://internshala.com/internship/detail/work-from-home-web-development-internship-at-basti-ki-pathshala-foundation1790856574"
"Tech Intern (DevOps)","Rikruit","Adjacent","internship","Hyderabad","https://t.me/cs_algo/21192"
