company,role,location,url,outcome,reason
Design-Pods,AI Agent Development,"Chennai, India",https://internshala.com/internship/detail/ai-agent-development-internship-in-multiple-locations-at-design-pods1790905605,unresolved,detail_fetch_failed: unsafe_or_unresolvable_url: ; internshala_detail_unrecognized; availability_uncertain; inventory_incomplete
Learntricks Edutech,Frontend Developer Internship,"Remote, India",https://unstop.com/internships/frontend-developer-internship-unstop-tech-fair-20-learntricks-edutech-1764139,unresolved,unsafe_or_unresolvable_url:
Marvell,Intern - Software Engineer,"Hyderabad, India",https://marvell.wd1.myworkdayjobs.com/en-US/marvellcareers2/job/Hyderabad/Intern--Software-Engineer_2603879,outside scope,Location excluded or remote eligibility not confirmed
Marvell,AI Intern,"Bengaluru, India",https://marvell.wd1.myworkdayjobs.com/en-US/marvellcareers2/job/Bangalore/AI-Intern_2604445,live verified,Current ATS detail fetched and eligible-location technical lead retained; employer association may still need review
Marvell,"Research Intern, Physical AI and GPU (PhD)",Hyderabad,https://marvell.wd1.myworkdayjobs.com/en-US/marvellcareers/job/Hyderabad/Research-Intern--Physical-AI-and-GPU--PhD-_2604253,outside scope,Location excluded or remote eligibility not confirmed
Merkle Science,Software Engineer - Intern - Frontend,"Bengaluru, India",https://jobs.lever.co/merklescience/20675d00-156c-4f3f-a9bf-4cacee176bc2,live verified,Current ATS detail fetched and eligible-location technical lead retained; employer association may still need review
Tower Research,Intern - AI/ML,Gurgaon,https://www.tower-research.com/open-positions/?gh_jid=8143756,outside scope,Location excluded or remote eligibility not confirmed
SouthState,Summer 2027 Data Analytics Intern - Remote,Remote,https://southstatebank.wd5.myworkdayjobs.com/en-US/external/job/Remote-Opportunity---VA-NC-SC-GA--FL-AL-TX--CO/Summer-2027-Data-Analytics-Intern--Remote-_R-06279,outside scope,Location excluded or remote eligibility not confirmed
GE Aerospace,Data Science Intern,"Bengaluru, India",https://geaerospace.wd5.myworkdayjobs.com/en-US/ge_externalsite/job/Bengaluru/Data-Science-Intern_R5040691-1,live verified,Current ATS detail fetched and eligible-location technical lead retained; employer association may still need review
FamPay,Data Engineering Intern,"Bengaluru, India",https://jobs.lever.co/fampay/984b6eab-0d12-4009-b692-20a4de00fa55,live verified,Current ATS detail fetched and eligible-location technical lead retained; employer association may still need review
Cliantha Research Limited,Statistical Programmer,"Remote, India",https://internshala.com/internship/detail/statistical-programmer-internship-in-multiple-locations-at-cliantha-research-limited1790678709,live verified,Current ATS detail fetched and eligible-location technical lead retained; employer association may still need review
Veterans United,Intern - Software Engineer - Summer 2027,Remote,https://veteransunited.wd1.myworkdayjobs.com/en-US/vuhl/job/Remote-MO/Intern---Software-Engineer---Summer-2027_R6249,outside scope,Location excluded or remote eligibility not confirmed
GRADTWIN SERVICES (OPC) PRIVATE LIMITED,Python Full Stack Developer,"Chennai, India",https://internshala.com/internship/detail/part-time-python-full-stack-developer-internship-in-multiple-locations-at-gradtwin-services-opc-private-limited1790589428,live verified,Current ATS detail fetched and eligible-location technical lead retained; employer association may still need review
GRADTWIN SERVICES (OPC) PRIVATE LIMITED,Junior Data Scientist,"Chennai, India",https://internshala.com/internship/detail/part-time-junior-data-scientist-internship-in-multiple-locations-at-gradtwin-services-opc-private-limited1790589482,live verified,Current ATS detail fetched and eligible-location technical lead retained; employer association may still need review
GRADTWIN SERVICES (OPC) PRIVATE LIMITED,Machine Learning With Python,"Chennai, India",https://internshala.com/internship/detail/part-time-machine-learning-with-python-internship-in-multiple-locations-at-gradtwin-services-opc-private-limited1790589717,live verified,Current ATS detail fetched and eligible-location technical lead retained; employer association may still need review
Kaleris,Associate Software Engineer Intern,Chennai,https://kaleris.wd501.myworkdayjobs.com/en-US/kaleris_careers/job/Chennai/Associate-Software-Engineer-Intern_R-100658,live verified,Current ATS detail fetched and eligible-location technical lead retained; employer association may still need review
Voicedots Infotech,Full Stack Development,Chennai,https://internshala.com/internship/detail/full-stack-development-internship-in-chennai-at-voicedots-infotech1790388263,live verified,Current ATS detail fetched and eligible-location technical lead retained; employer association may still need review
Sybrant Technologies Private Limited,AI Data Collector,Chennai,https://internshala.com/internship/detail/ai-data-collector-internship-in-chennai-at-sybrant-technologies-private-limited1790222966,live verified,Current ATS detail fetched and eligible-location technical lead retained; employer association may still need review
DSC PIPES AND TUBES Private Limited,AI Automation,Chennai,https://internshala.com/internship/detail/ai-automation-internship-in-chennai-at-dsc-pipes-and-tubes-private-limited1790162760,live verified,Current ATS detail fetched and eligible-location technical lead retained; employer association may still need review
Innoknowvex,Full Stack Development,"Chennai, India",https://internshala.com/internship/detail/full-stack-development-internship-in-multiple-locations-at-innoknowvex1789804441,live verified,Current ATS detail fetched and eligible-location technical lead retained; employer association may still need review
Innoknowvex,Machine Learning,"Chennai, India",https://internshala.com/internship/detail/machine-learning-internship-in-multiple-locations-at-innoknowvex1790252525,live verified,Current ATS detail fetched and eligible-location technical lead retained; employer association may still need review
Innoknowvex,Data Science,"Chennai, India",https://internshala.com/internship/detail/data-science-internship-in-multiple-locations-at-innoknowvex1789803495,live verified,Current ATS detail fetched and eligible-location technical lead retained; employer association may still need review
Electronic Arts,Software Engineer Intern,India,https://freshersdunia.in/electronic-arts-internship-2026-2/,unresolved,Blog has no recognized direct ATS job link; employer verification needed
Salesforce,Software Development,Bangalore,https://internshala.com/internship/detail/part-time-software-development-internship-in-bangalore-at-salesforce1789133363,live verified,Current ATS detail fetched and eligible-location technical lead retained; employer association may still need review
Rubrik Winter Mega,Rubrik Winter Mega Hiring Interns 2026 Software Engineer & Program Intern,Bangalore,https://freshersdunia.in/rubrik-winter-mega-hiring-interns-2026/,unresolved,Blog has no recognized direct ATS job link; employer verification needed
GE Aerospace,Data Science Intern,India,https://freshersdunia.in/ge-aerospace-internship-2026/,unresolved,Blog has no recognized direct ATS job link; employer verification needed
Elicius Energy Private Limited,Full Stack Development,Chennai,https://internshala.com/internship/detail/full-stack-development-internship-in-chennai-at-elicius-energy-private-limited1788439345,live verified,Current ATS detail fetched and eligible-location technical lead retained; employer association may still need review
AlphaGrep,Intern Hiring 2027,Bengaluru,https://job-boards.greenhouse.io/alphagrepsecurities/jobs/8769725002,live verified,Current ATS detail fetched and eligible-location technical lead retained; employer association may still need review
Valeo,Intern - AI,Chennai,https://valeo.wd3.myworkdayjobs.com/en-US/valeo_jobs/job/Chennai/Intern---AI_REQ2025061319,live verified,Current ATS detail fetched and eligible-location technical lead retained; employer association may still need review
NVIDIA,"PhD Intern, AI ML in Wireless L1/L2 - Fall 2026","India, Bengaluru",https://nvidia.wd5.myworkdayjobs.com/en-US/NVIDIAExternalCareerSite/job/India-Bengaluru/PhD-Intern--AI-ML-in-Wireless-L1-L2---Fall-2026_JR2024423,outside scope,PhD/doctoral role
Gateway Software Solutions,Prompt Engineering,"Chennai, India",https://internshala.com/internship/detail/prompt-engineering-internship-in-multiple-locations-at-gateway-software-solutions1788926119,live verified,Current ATS detail fetched and eligible-location technical lead retained; employer association may still need review
Career Solutions,Full Stack Development,Chennai,https://internshala.com/internship/detail/part-time-full-stack-development-internship-in-chennai-at-career-solutions1790679458,live verified,Current ATS detail fetched and eligible-location technical lead retained; employer association may still need review
Gateway Software Solutions,Web Development,"Chennai, India",https://internshala.com/internship/detail/web-development-internship-in-multiple-locations-at-gateway-software-solutions1789012628,live verified,Current ATS detail fetched and eligible-location technical lead retained; employer association may still need review
Gateway Software Solutions,Front End Development,"Chennai, India",https://internshala.com/internship/detail/part-time-front-end-development-internship-in-multiple-locations-at-gateway-software-solutions1788848751,live verified,Current ATS detail fetched and eligible-location technical lead retained; employer association may still need review
Meteoros Automation,Front End Development,Chennai,https://internshala.com/internship/detail/front-end-development-internship-in-chennai-at-meteoros-automation1786683763,live verified,Current ATS detail fetched and eligible-location technical lead retained; employer association may still need review
TEN,Software Development,"Work From Home, Remote",https://internshala.com/internship/detail/work-from-home-software-development-internship-at-ten1790309126,outside scope,Location excluded or remote eligibility not confirmed
Philips,Software Development Engineer Intern,Bangalore,https://freshersdunia.in/philips-internship-2026/,unresolved,saved_detail_fetch_error:580121:http_error: HTTP 422; inventory_incomplete
Cisco,Cisco Software Engineer Summer Internship 2026 Hiring,Bangalore,https://freshersdunia.in/cisco-software-engineer-summer-internship-2026/,unresolved,Blog has no recognized direct ATS job link; employer verification needed
Salesforce,Salesforce Off Campus Internship 2026 Hiring for Summer Software Engineer Intern,India,https://freshersdunia.in/salesforce-off-campus-internship-2026/,unresolved,saved_detail_fetch_error:JR337715:http_error: HTTP 500; inventory_incomplete
Oddin,Applied Science Intern (Phd) - World Models,Remote,https://jobs.lever.co/oddin/f6683592-7ff8-4c0a-86dd-8b0d36d3207d,outside scope,Location excluded or remote eligibility not confirmed
AlmaBetter Edutech Private Limited,Principal Instructor - Software Engineering,"Bengaluru, India",https://unstop.com/jobs/principal-instructor-software-engineering-almabetter-857513,outside scope,Historical regular-job page has no internship/apprenticeship title
CPIDroid,Full Stack PHP Web Developer (SaaS),"Noida, India",https://unstop.com/jobs/full-stack-php-web-developer-cpidroid-604026,outside scope,Location excluded or remote eligibility not confirmed
Mizynte Technology Private Limited,Backend Engineer,"Jaipur / Delhi / Bangalore, India",https://unstop.com/jobs/backend-engineer-mizynte-technology-private-limited-584538,outside scope,Historical regular-job page has no internship/apprenticeship title
Adrixus Tech Studio Pvt. Ltd.,MERN/ Full Stack Developer,"Vadodara, India",https://unstop.com/jobs/mern-full-stack-developer-adrixus-tech-studio-pvt-ltd-489269,outside scope,Location excluded or remote eligibility not confirmed
AthenaSquare,SDE II/ SDE III,"Bengaluru, India",https://unstop.com/jobs/sde-ii-sde-iii-athenasquare-464220,outside scope,Historical regular-job page has no internship/apprenticeship title
AllGoVision Technologies,Embedded AI Engineer,"Bangalore, Remote",https://unstop.com/jobs/embedded-ai-engineer-allgovision-technologies-449341,outside scope,Historical regular-job page has no internship/apprenticeship title
Agoda,Data Engineer (Java),India,https://unstop.com/jobs/data-engineer-java-agoda-378611,outside scope,Historical regular-job page has no internship/apprenticeship title
Hobnobly,DevOps Internship,"Remote, India",https://unstop.com/jobs/devops-internship-hobnobly-269517,unresolved,saved_unstop_ids_not_in_bounded_window; availability_uncertain
Techmihirnaik,Android Developer,"Remote, India",https://unstop.com/jobs/android-developer-techmihirnaik-264775,outside scope,Historical regular-job page has no internship/apprenticeship title
Pregrad,Data Analytics Mentor,"Remote, India",https://unstop.com/jobs/data-analytics-mentor-pregrad-258842,outside scope,Historical regular-job page has no internship/apprenticeship title
Iraitech Innovations & Technologies Pvt. Ltd.,iOS Developer,"Remote, India",https://unstop.com/jobs/ios-developer-iraitech-innovations-technologies-pvt-ltd-246225,outside scope,Historical regular-job page has no internship/apprenticeship title
Mactores,Cloud Engineer (Intern),"Mumbai, MH",https://jobs.lever.co/mactores/d237505f-5e6a-4eae-9b06-fa8dd0686236,outside scope,Location excluded or remote eligibility not confirmed
Mactores,Data Engineer (Intern),"Mumbai, MH",https://jobs.lever.co/mactores/88f23deb-bc0d-4f21-b01b-5a74c00b61f3,outside scope,Location excluded or remote eligibility not confirmed
