company,provider,public_url,status,health,category,cause,action,last_checked,next_due
Ather Energy,generic,https://www.atherenergy.com/careers,error,Blocked,Access restriction,The public endpoint denies or challenges automated access.,Find an employer-linked public ATS/feed or use manual capture; do not bypass challenges.,2026-10-04T15:30:08.763879Z,2026-10-06T15:30:08.763879Z
Cadence Design Systems,generic,https://www.cadence.com/en_US/home/company/careers.html,error,Blocked,Access restriction,The public endpoint denies or challenges automated access.,Find an employer-linked public ATS/feed or use manual capture; do not bypass challenges.,2026-10-06T06:33:13.312316Z,2026-10-07T06:33:13.312316Z
Canva,generic,https://www.lifeatcanva.com/en/jobs/,error,Blocked,Access restriction,The public endpoint denies or challenges automated access.,Find an employer-linked public ATS/feed or use manual capture; do not bypass challenges.,2026-10-07T14:38:15.360817Z,2026-10-08T14:38:15.360817Z
CleverTap,generic,https://clevertap.com/careers/,error,Blocked,Access restriction,The public endpoint denies or challenges automated access.,Find an employer-linked public ATS/feed or use manual capture; do not bypass challenges.,2026-10-03T21:29:04.027524Z,2026-10-05T21:29:04.027524Z
Cognizant,generic,https://careers.cognizant.com/global-en/jobs/,error,Blocked,Access restriction,The public endpoint denies or challenges automated access.,Find an employer-linked public ATS/feed or use manual capture; do not bypass challenges.,2026-10-07T14:35:03.448744Z,2026-10-10T06:35:03.448744Z
Indium Software,generic,https://www.indiumsoftware.com/careers/,error,Blocked,Access restriction,The public endpoint denies or challenges automated access.,Find an employer-linked public ATS/feed or use manual capture; do not bypass challenges.,2026-10-04T08:37:52.461988Z,2026-10-06T08:37:52.461988Z
MoEngage,generic,https://www.moengage.com/careers/,error,Blocked,Access restriction,The public endpoint denies or challenges automated access.,Find an employer-linked public ATS/feed or use manual capture; do not bypass challenges.,2026-10-04T15:29:50.533928Z,2026-10-06T15:29:50.533928Z
Navi,generic,https://navi.com/careers,error,Blocked,Access restriction,The public endpoint denies or challenges automated access.,Find an employer-linked public ATS/feed or use manual capture; do not bypass challenges.,2026-10-03T21:28:56.301866Z,2026-10-05T21:28:56.301866Z
Nutanix,generic,https://careers.nutanix.com/en/jobs/,error,Blocked,Access restriction,The public endpoint denies or challenges automated access.,Find an employer-linked public ATS/feed or use manual capture; do not bypass challenges.,2026-10-07T14:37:23.240991Z,2026-10-08T14:37:23.240991Z
Revolut,generic,https://www.revolut.com/careers/,error,Blocked,Access restriction,The public endpoint denies or challenges automated access.,Find an employer-linked public ATS/feed or use manual capture; do not bypass challenges.,2026-10-07T14:38:07.721386Z,2026-10-08T14:38:07.721386Z
SAP,generic,https://jobs.sap.com/search/,error,Blocked,Access restriction,The public endpoint denies or challenges automated access.,Find an employer-linked public ATS/feed or use manual capture; do not bypass challenges.,2026-10-07T14:35:01.982689Z,2026-10-10T06:35:01.982689Z
Tiger Analytics,generic,https://www.tigeranalytics.com/careers/,error,Blocked,Access restriction,The public endpoint denies or challenges automated access.,Find an employer-linked public ATS/feed or use manual capture; do not bypass challenges.,2026-10-03T21:29:03.390957Z,2026-10-05T21:29:03.390957Z
Tower Research,generic,https://www.tower-research.com/open-positions/,error,Blocked,Access restriction,The public endpoint denies or challenges automated access.,Find an employer-linked public ATS/feed or use manual capture; do not bypass challenges.,2026-10-03T21:29:13.158483Z,2026-10-05T21:29:13.158483Z
Wells Fargo,generic,https://www.wellsfargojobs.com/en/jobs/,error,Blocked,Access restriction,The public endpoint denies or challenges automated access.,Find an employer-linked public ATS/feed or use manual capture; do not bypass challenges.,2026-10-03T21:29:23.514007Z,2026-10-05T21:29:23.514007Z
WorldQuant,generic,https://www.worldquant.com/careers/,error,Blocked,Access restriction,The public endpoint denies or challenges automated access.,Find an employer-linked public ATS/feed or use manual capture; do not bypass challenges.,2026-10-04T15:29:59.442314Z,2026-10-06T15:29:59.442314Z
Zeta,generic,https://www.zeta.tech/careers/,error,Blocked,Access restriction,The public endpoint denies or challenges automated access.,Find an employer-linked public ATS/feed or use manual capture; do not bypass challenges.,2026-10-04T08:37:56.843357Z,2026-10-06T08:37:56.843357Z
Google,generic,https://www.google.com/about/careers/applications/jobs/results/,error,Broken,Details unavailable,A public detail-page request returns HTTP404.,Verify the individual detail URL or role's current listing; do not retire an otherwise working board because one detail fetch failed.,2026-10-07T14:35:21.036300Z,2026-10-10T06:35:21.036300Z
Discovery feeds,freehire,https://freehire.me/api/v1/agent/jobs/search,quarantined,Needs review,Employer identity review,Employer identity is missing or unverified.,Verify the real employer and source ownership before accepting or ranking these records.,2026-10-07T14:35:28.646929Z,2026-10-08T22:35:28.646929Z
American Express,eightfold,https://aexp.eightfold.ai/careers,error,Broken,Endpoint obsolete,The configured public endpoint returns HTTP404.,"Inspect the current official careers site, bind a verified replacement, and scan it before retirement of the old alias.",2026-10-05T22:44:31.740387Z,2026-10-06T22:44:31.740387Z
BNY,generic,https://us.bny.talentnet.community/,error,Broken,Endpoint obsolete,The configured public endpoint returns HTTP404.,"Inspect the current official careers site, bind a verified replacement, and scan it before retirement of the old alias.",2026-10-05T22:44:29.745120Z,2026-10-06T22:44:29.745120Z
Coinbase,greenhouse,https://job-boards.greenhouse.io/cdpjobs,error,Broken,Endpoint obsolete,The configured public endpoint returns HTTP404.,"Inspect the current official careers site, bind a verified replacement, and scan it before retirement of the old alias.",2026-10-05T14:58:24.585439Z,2026-10-06T14:58:24.585439Z
FuriosaAI,ashby,https://jobs.ashbyhq.com/furiosa-ai,error,Broken,Endpoint obsolete,The configured public endpoint returns HTTP404.,"Inspect the current official careers site, bind a verified replacement, and scan it before retirement of the old alias.",2026-10-04T23:21:21.708885Z,2026-10-05T23:21:21.708885Z
Google DeepMind,greenhouse,https://deepmind.google/about/careers/,error,Broken,Endpoint obsolete,The configured public endpoint returns HTTP404.,"Inspect the current official careers site, bind a verified replacement, and scan it before retirement of the old alias.",2026-10-06T06:32:49.527159Z,2026-10-07T06:32:49.527159Z
IBM,recruitee,https://ibm.recruitee.com,error,Broken,Endpoint obsolete,The configured public endpoint returns HTTP404.,"Inspect the current official careers site, bind a verified replacement, and scan it before retirement of the old alias.",2026-10-07T14:35:28.059712Z,2026-10-10T06:35:28.059712Z
Krutrim,generic,https://www.olakrutrim.com/careers,error,Broken,Endpoint obsolete,The configured public endpoint returns HTTP404.,"Inspect the current official careers site, bind a verified replacement, and scan it before retirement of the old alias.",2026-10-03T21:28:48.953098Z,2026-10-05T21:28:48.953098Z
Northern Trust,generic,https://northern-trust.talentnet.community/jobs/search,error,Broken,Endpoint obsolete,The configured public endpoint returns HTTP404.,"Inspect the current official careers site, bind a verified replacement, and scan it before retirement of the old alias.",2026-10-05T22:44:48.611086Z,2026-10-06T22:44:48.611086Z
Postman,greenhouse,https://job-boards.greenhouse.io/postman,error,Broken,Endpoint obsolete,The configured public endpoint returns HTTP404.,"Inspect the current official careers site, bind a verified replacement, and scan it before retirement of the old alias.",2026-10-05T14:58:29.610414Z,2026-10-06T14:58:29.610414Z
PTC,eightfold,https://ptc.eightfold.ai/careers,error,Broken,Endpoint obsolete,The configured public endpoint returns HTTP404.,"Inspect the current official careers site, bind a verified replacement, and scan it before retirement of the old alias.",2026-10-05T14:58:53.271331Z,2026-10-06T14:58:53.271331Z
smallcase,generic,https://www.smallcase.com/careers,error,Broken,Endpoint obsolete,The configured public endpoint returns HTTP404.,"Inspect the current official careers site, bind a verified replacement, and scan it before retirement of the old alias.",2026-10-04T08:38:00.873179Z,2026-10-06T08:38:00.873179Z
Uber,generic,https://www.uber.com/us/en/careers/list/,error,Broken,Endpoint obsolete,The configured public endpoint returns HTTP404.,"Inspect the current official careers site, bind a verified replacement, and scan it before retirement of the old alias.",2026-10-07T07:22:37.461090Z,2026-10-09T23:22:37.461090Z
Unity Technologies,greenhouse,https://boards-api.greenhouse.io/v1/boards/unity3d/jobs,error,Broken,Endpoint obsolete,The configured public endpoint returns HTTP404.,"Inspect the current official careers site, bind a verified replacement, and scan it before retirement of the old alias.",2026-10-05T14:58:52.189251Z,2026-10-06T14:58:52.189251Z
Urban Company,generic,https://www.urbancompany.com/careers,error,Broken,Endpoint obsolete,The configured public endpoint returns HTTP404.,"Inspect the current official careers site, bind a verified replacement, and scan it before retirement of the old alias.",2026-10-03T21:29:15.013602Z,2026-10-05T21:29:15.013602Z
Vuram,generic,https://www.vuram.com/careers/,error,Broken,Endpoint obsolete,The configured public endpoint returns HTTP404.,"Inspect the current official careers site, bind a verified replacement, and scan it before retirement of the old alias.",2026-10-04T15:29:51.241001Z,2026-10-06T15:29:51.241001Z
Accenture,workday,https://accenture.wd103.myworkdayjobs.com/accenturecareers,partial,Partial,Inventory and details unfinished,Inventory or full job-description collection has not completed.,Continue saved listing/detail cursors with the existing bounds; do not treat snippets or unfinished work as full coverage.,2026-10-07T17:39:19.269283Z,2026-10-08T05:39:19.269283Z
Aiven,generic,https://aiven.io/careers/job,partial,Partial,Inventory and details unfinished,Inventory or full job-description collection has not completed.,Continue saved listing/detail cursors with the existing bounds; do not treat snippets or unfinished work as full coverage.,2026-10-05T22:48:00.176788Z,2026-10-06T22:48:00.176788Z
Barclays,workday,https://barclays.wd3.myworkdayjobs.com/external_career_site_barclays,partial,Partial,Inventory and details unfinished,Inventory or full job-description collection has not completed.,Continue saved listing/detail cursors with the existing bounds; do not treat snippets or unfinished work as full coverage.,2026-10-04T19:45:37.101558Z,2026-10-05T19:45:37.101558Z
BlackRock,workday,https://blackrock.wd1.myworkdayjobs.com/BlackRock_Professional,partial,Partial,Inventory and details unfinished,Inventory or full job-description collection has not completed.,Continue saved listing/detail cursors with the existing bounds; do not treat snippets or unfinished work as full coverage.,2026-10-04T19:44:46.769258Z,2026-10-05T19:44:46.769258Z
BlackRock,workday,https://blackrock.wd1.myworkdayjobs.com/blackrock_professional,partial,Partial,Inventory and details unfinished,Inventory or full job-description collection has not completed.,Continue saved listing/detail cursors with the existing bounds; do not treat snippets or unfinished work as full coverage.,2026-10-04T19:45:21.927383Z,2026-10-05T19:45:21.927383Z
BNY,oracle_hcm,https://eofe.fa.us2.oraclecloud.com/hcmUI/CandidateExperience/en/sites/CX_1,partial,Partial,Inventory and details unfinished,Inventory or full job-description collection has not completed.,Continue saved listing/detail cursors with the existing bounds; do not treat snippets or unfinished work as full coverage.,2026-10-04T19:45:12.430132Z,2026-10-05T19:45:12.430132Z
Bosch,smartrecruiters,https://careers.smartrecruiters.com/BoschGroup,partial,Partial,Inventory and details unfinished,Inventory or full job-description collection has not completed.,Continue saved listing/detail cursors with the existing bounds; do not treat snippets or unfinished work as full coverage.,2026-10-07T14:37:38.207425Z,2026-10-08T02:37:38.207425Z
Bosch,smartrecruiters,https://jobs.smartrecruiters.com/BoschGroup,partial,Partial,Inventory and details unfinished,Inventory or full job-description collection has not completed.,Continue saved listing/detail cursors with the existing bounds; do not treat snippets or unfinished work as full coverage.,2026-10-05T05:56:49.274810Z,2026-10-06T05:56:49.274810Z
Broadcom,workday,https://broadcom.wd1.myworkdayjobs.com/External_Career,partial,Partial,Inventory and details unfinished,Inventory or full job-description collection has not completed.,Continue saved listing/detail cursors with the existing bounds; do not treat snippets or unfinished work as full coverage.,2026-10-04T19:44:41.065204Z,2026-10-05T19:44:41.065204Z
Canva,smartrecruiters,https://careers.smartrecruiters.com/Canva,partial,Partial,Inventory and details unfinished,Inventory or full job-description collection has not completed.,Continue saved listing/detail cursors with the existing bounds; do not treat snippets or unfinished work as full coverage.,2026-10-04T19:46:53.804186Z,2026-10-05T19:46:53.804186Z
Canva,smartrecruiters,https://jobs.smartrecruiters.com/Canva,partial,Partial,Inventory and details unfinished,Inventory or full job-description collection has not completed.,Continue saved listing/detail cursors with the existing bounds; do not treat snippets or unfinished work as full coverage.,2026-10-04T19:48:23.633230Z,2026-10-05T19:48:23.633230Z
Capgemini,smartrecruiters,https://jobs.smartrecruiters.com/WNSGlobalServices144,partial,Partial,Inventory and details unfinished,Inventory or full job-description collection has not completed.,Continue saved listing/detail cursors with the existing bounds; do not treat snippets or unfinished work as full coverage.,2026-10-04T19:47:00.517402Z,2026-10-05T19:47:00.517402Z
Capgemini,workable,https://apply.workable.com/capgemini-insurance,partial,Partial,Inventory and details unfinished,Inventory or full job-description collection has not completed.,Continue saved listing/detail cursors with the existing bounds; do not treat snippets or unfinished work as full coverage.,2026-10-04T19:45:22.829876Z,2026-10-05T19:45:22.829876Z
Citi,eightfold,https://citi.eightfold.ai/careers,partial,Partial,Inventory and details unfinished,Inventory or full job-description collection has not completed.,Continue saved listing/detail cursors with the existing bounds; do not treat snippets or unfinished work as full coverage.,2026-10-04T19:45:20.322463Z,2026-10-05T19:45:20.322463Z
CVS Health,workday,https://cvshealth.wd1.myworkdayjobs.com/cvs_health_careers,partial,Partial,Inventory and details unfinished,Inventory or full job-description collection has not completed.,Continue saved listing/detail cursors with the existing bounds; do not treat snippets or unfinished work as full coverage.,2026-10-05T14:54:35.587967Z,2026-10-06T14:54:35.587967Z
Discovery feeds,internshala,https://internshala.com/internships/computer-science-internship/,partial,Partial,Inventory and details unfinished,Inventory or full job-description collection has not completed.,Continue saved listing/detail cursors with the existing bounds; do not treat snippets or unfinished work as full coverage.,2026-10-07T16:53:35.069566Z,2026-10-08T04:53:35.069566Z
Discovery feeds,internshala,https://internshala.com/internships/work-from-home-data science-internship/,partial,Partial,Inventory and details unfinished,Inventory or full job-description collection has not completed.,Continue saved listing/detail cursors with the existing bounds; do not treat snippets or unfinished work as full coverage.,2026-10-07T16:56:33.667319Z,2026-10-08T16:56:33.667319Z
Discovery feeds,internshala,https://internshala.com/internships/work-from-home-frontend development-internship/,partial,Partial,Inventory and details unfinished,Inventory or full job-description collection has not completed.,Continue saved listing/detail cursors with the existing bounds; do not treat snippets or unfinished work as full coverage.,2026-10-07T16:56:33.100675Z,2026-10-08T16:56:33.100675Z
Endava,smartrecruiters,https://jobs.smartrecruiters.com/Endava,partial,Partial,Inventory and details unfinished,Inventory or full job-description collection has not completed.,Continue saved listing/detail cursors with the existing bounds; do not treat snippets or unfinished work as full coverage.,2026-10-05T05:55:07.372583Z,2026-10-06T05:55:07.372583Z
FactSet,workday,https://factset.wd108.myworkdayjobs.com/factsetcareers,partial,Partial,Inventory and details unfinished,Inventory or full job-description collection has not completed.,Continue saved listing/detail cursors with the existing bounds; do not treat snippets or unfinished work as full coverage.,2026-10-04T23:22:28.031823Z,2026-10-05T23:22:28.031823Z
FIS,workday,https://fis.wd5.myworkdayjobs.com/searchjobs,partial,Partial,Inventory and details unfinished,Inventory or full job-description collection has not completed.,Continue saved listing/detail cursors with the existing bounds; do not treat snippets or unfinished work as full coverage.,2026-10-04T19:45:53.211570Z,2026-10-05T19:45:53.211570Z
Fiserv,workday,https://fiserv.wd5.myworkdayjobs.com/EXT,partial,Partial,Inventory and details unfinished,Inventory or full job-description collection has not completed.,Continue saved listing/detail cursors with the existing bounds; do not treat snippets or unfinished work as full coverage.,2026-10-04T19:44:57.005565Z,2026-10-05T19:44:57.005565Z
Fiserv,workday,https://fiserv.wd5.myworkdayjobs.com/ext,partial,Partial,Inventory and details unfinished,Inventory or full job-description collection has not completed.,Continue saved listing/detail cursors with the existing bounds; do not treat snippets or unfinished work as full coverage.,2026-10-04T19:45:50.858336Z,2026-10-05T19:45:50.858336Z
Freshworks,smartrecruiters,https://jobs.smartrecruiters.com/Freshworks,partial,Partial,Inventory and details unfinished,Inventory or full job-description collection has not completed.,Continue saved listing/detail cursors with the existing bounds; do not treat snippets or unfinished work as full coverage.,2026-10-04T23:22:08.917092Z,2026-10-05T23:22:08.917092Z
GE Aerospace,workday,https://geaerospace.wd5.myworkdayjobs.com/ge_externalsite,partial,Partial,Inventory and details unfinished,Inventory or full job-description collection has not completed.,Continue saved listing/detail cursors with the existing bounds; do not treat snippets or unfinished work as full coverage.,2026-10-04T23:20:17.949326Z,2026-10-05T23:20:17.949326Z
GE HealthCare,workday,https://gehc.wd5.myworkdayjobs.com/gehc_externalsite,partial,Partial,Inventory and details unfinished,Inventory or full job-description collection has not completed.,Continue saved listing/detail cursors with the existing bounds; do not treat snippets or unfinished work as full coverage.,2026-10-04T19:44:39.887416Z,2026-10-05T19:44:39.887416Z
GE Vernova,workday,https://gevernova.wd5.myworkdayjobs.com/only_confidential_executive_recruiting,partial,Partial,Inventory and details unfinished,Inventory or full job-description collection has not completed.,Continue saved listing/detail cursors with the existing bounds; do not treat snippets or unfinished work as full coverage.,2026-10-04T19:47:35.075583Z,2026-10-05T19:47:35.075583Z
GE Vernova,workday,https://gevernova.wd5.myworkdayjobs.com/only_confidential_executive_recruiting,partial,Partial,Inventory and details unfinished,Inventory or full job-description collection has not completed.,Continue saved listing/detail cursors with the existing bounds; do not treat snippets or unfinished work as full coverage.,2026-10-04T23:22:18.186545Z,2026-10-05T23:22:18.186545Z
GitHub,generic,https://www.github.careers/careers-home/jobs,partial,Partial,Inventory and details unfinished,Inventory or full job-description collection has not completed.,Continue saved listing/detail cursors with the existing bounds; do not treat snippets or unfinished work as full coverage.,2026-10-07T16:41:50.047700Z,2026-10-08T16:41:50.047700Z
Global Payments,workday,https://tsys.wd1.myworkdayjobs.com/tsys,partial,Partial,Inventory and details unfinished,Inventory or full job-description collection has not completed.,Continue saved listing/detail cursors with the existing bounds; do not treat snippets or unfinished work as full coverage.,2026-10-05T05:56:28.276444Z,2026-10-06T05:56:28.276444Z
Goldman Sachs,generic,https://higher.gs.com/results,partial,Partial,Inventory and details unfinished,Inventory or full job-description collection has not completed.,Continue saved listing/detail cursors with the existing bounds; do not treat snippets or unfinished work as full coverage.,2026-10-07T07:16:16.764221Z,2026-10-07T19:16:16.764221Z
Goldman Sachs,oracle_hcm,https://hdpc.fa.us2.oraclecloud.com/hcmUI/CandidateExperience/en/sites/CampusHiring/requisitions,partial,Partial,Inventory and details unfinished,Inventory or full job-description collection has not completed.,Continue saved listing/detail cursors with the existing bounds; do not treat snippets or unfinished work as full coverage.,2026-10-07T14:37:16.666948Z,2026-10-08T02:37:16.666948Z
Grab,smartrecruiters,https://jobs.smartrecruiters.com/Grab,partial,Partial,Inventory and details unfinished,Inventory or full job-description collection has not completed.,Continue saved listing/detail cursors with the existing bounds; do not treat snippets or unfinished work as full coverage.,2026-10-04T23:19:28.958712Z,2026-10-05T23:19:28.958712Z
H&M Group,smartrecruiters,https://jobs.smartrecruiters.com/HMGroup,partial,Partial,Inventory and details unfinished,Inventory or full job-description collection has not completed.,Continue saved listing/detail cursors with the existing bounds; do not treat snippets or unfinished work as full coverage.,2026-10-04T23:18:41.317933Z,2026-10-05T23:18:41.317933Z
Honeywell,oracle_hcm,https://ibqbjb.fa.ocs.oraclecloud.com/hcmUI/CandidateExperience/en/sites/Honeywell/jobs,error,Broken,Inventory and details unfinished,Inventory or full job-description collection has not completed.,Continue saved listing/detail cursors with the existing bounds; do not treat snippets or unfinished work as full coverage.,2026-10-04T19:44:58.909963Z,2026-10-05T19:44:58.909963Z
Johnson & Johnson,workday,https://jj.wd5.myworkdayjobs.com/jj,partial,Partial,Inventory and details unfinished,Inventory or full job-description collection has not completed.,Continue saved listing/detail cursors with the existing bounds; do not treat snippets or unfinished work as full coverage.,2026-10-04T23:18:40.023809Z,2026-10-05T23:18:40.023809Z
JPMorgan Chase & Co.,oracle_hcm,https://jpmc.fa.oraclecloud.com/hcmUI/CandidateExperience/en/sites/CX_1001/requisitions,partial,Partial,Inventory and details unfinished,Inventory or full job-description collection has not completed.,Continue saved listing/detail cursors with the existing bounds; do not treat snippets or unfinished work as full coverage.,2026-10-07T14:36:54.712495Z,2026-10-08T02:36:54.712495Z
Keywords Studios,workable,https://apply.workable.com/keywords-intl1,partial,Partial,Inventory and details unfinished,Inventory or full job-description collection has not completed.,Continue saved listing/detail cursors with the existing bounds; do not treat snippets or unfinished work as full coverage.,2026-10-05T14:57:55.366093Z,2026-10-06T14:57:55.366093Z
"Mercari, inc.",workable,https://apply.workable.com/mercari,partial,Partial,Inventory and details unfinished,Inventory or full job-description collection has not completed.,Continue saved listing/detail cursors with the existing bounds; do not treat snippets or unfinished work as full coverage.,2026-10-05T14:58:11.484383Z,2026-10-06T14:58:11.484383Z
Micron Technology,workday,https://micron.wd1.myworkdayjobs.com/external,partial,Partial,Inventory and details unfinished,Inventory or full job-description collection has not completed.,Continue saved listing/detail cursors with the existing bounds; do not treat snippets or unfinished work as full coverage.,2026-10-05T22:46:00.119058Z,2026-10-06T22:46:00.119058Z
MSD,workday,https://msd.wd5.myworkdayjobs.com/searchjobs,partial,Partial,Inventory and details unfinished,Inventory or full job-description collection has not completed.,Continue saved listing/detail cursors with the existing bounds; do not treat snippets or unfinished work as full coverage.,2026-10-04T23:18:09.040496Z,2026-10-05T23:18:09.040496Z
Nagarro,smartrecruiters,https://careers.smartrecruiters.com/Nagarro1,partial,Partial,Inventory and details unfinished,Inventory or full job-description collection has not completed.,Continue saved listing/detail cursors with the existing bounds; do not treat snippets or unfinished work as full coverage.,2026-10-04T19:45:32.541611Z,2026-10-05T19:45:32.541611Z
Natixis,smartrecruiters,https://jobs.smartrecruiters.com/NatixisInPortugal,partial,Partial,Inventory and details unfinished,Inventory or full job-description collection has not completed.,Continue saved listing/detail cursors with the existing bounds; do not treat snippets or unfinished work as full coverage.,2026-10-05T05:57:47.511444Z,2026-10-06T05:57:47.511444Z
NTT,workday,https://nttlimited.wd3.myworkdayjobs.com/ntt_careers,partial,Partial,Inventory and details unfinished,Inventory or full job-description collection has not completed.,Continue saved listing/detail cursors with the existing bounds; do not treat snippets or unfinished work as full coverage.,2026-10-04T19:47:46.360154Z,2026-10-05T19:47:46.360154Z
Nuvei,workable,https://apply.workable.com/nuvei,partial,Partial,Inventory and details unfinished,Inventory or full job-description collection has not completed.,Continue saved listing/detail cursors with the existing bounds; do not treat snippets or unfinished work as full coverage.,2026-10-04T23:19:19.928217Z,2026-10-05T23:19:19.928217Z
Oracle,oracle_hcm,https://eeho.fa.us2.oraclecloud.com/hcmUI/CandidateExperience/en/sites/CX_45001,partial,Partial,Inventory and details unfinished,Inventory or full job-description collection has not completed.,Continue saved listing/detail cursors with the existing bounds; do not treat snippets or unfinished work as full coverage.,2026-10-07T14:37:09.905122Z,2026-10-08T02:37:09.905122Z
Publicis Groupe,generic,https://careers.publicisgroupe.com/jobs,partial,Partial,Inventory and details unfinished,Inventory or full job-description collection has not completed.,Continue saved listing/detail cursors with the existing bounds; do not treat snippets or unfinished work as full coverage.,2026-10-07T16:42:16.709963Z,2026-10-08T16:42:16.709963Z
PwC,workday,https://pwc.wd3.myworkdayjobs.com/nonpublic_postings,partial,Partial,Inventory and details unfinished,Inventory or full job-description collection has not completed.,Continue saved listing/detail cursors with the existing bounds; do not treat snippets or unfinished work as full coverage.,2026-10-05T05:54:55.148781Z,2026-10-06T05:54:55.148781Z
Qualcomm,eightfold,https://careers.qualcomm.com/careers/search?query=%2A&domain=qualcomm.com,partial,Partial,Inventory and details unfinished,Inventory or full job-description collection has not completed.,Continue saved listing/detail cursors with the existing bounds; do not treat snippets or unfinished work as full coverage.,2026-10-07T14:37:01.152908Z,2026-10-08T02:37:01.152908Z
Red Bull,smartrecruiters,https://jobs.smartrecruiters.com/RedBull,partial,Partial,Inventory and details unfinished,Inventory or full job-description collection has not completed.,Continue saved listing/detail cursors with the existing bounds; do not treat snippets or unfinished work as full coverage.,2026-10-05T05:57:12.535320Z,2026-10-06T05:57:12.535320Z
SAP Fioneer,workable,https://apply.workable.com/fioneer,partial,Partial,Inventory and details unfinished,Inventory or full job-description collection has not completed.,Continue saved listing/detail cursors with the existing bounds; do not treat snippets or unfinished work as full coverage.,2026-10-05T14:57:38.297160Z,2026-10-06T14:57:38.297160Z
ServiceNow,smartrecruiters,https://careers.smartrecruiters.com/ServiceNow,partial,Partial,Inventory and details unfinished,Inventory or full job-description collection has not completed.,Continue saved listing/detail cursors with the existing bounds; do not treat snippets or unfinished work as full coverage.,2026-10-04T19:47:03.224922Z,2026-10-05T19:47:03.224922Z
SIXT,smartrecruiters,https://jobs.smartrecruiters.com/SIXT,partial,Partial,Inventory and details unfinished,Inventory or full job-description collection has not completed.,Continue saved listing/detail cursors with the existing bounds; do not treat snippets or unfinished work as full coverage.,2026-10-04T23:18:32.037892Z,2026-10-05T23:18:32.037892Z
Sportradar,smartrecruiters,https://jobs.smartrecruiters.com/Sportradar,partial,Partial,Inventory and details unfinished,Inventory or full job-description collection has not completed.,Continue saved listing/detail cursors with the existing bounds; do not treat snippets or unfinished work as full coverage.,2026-10-05T05:56:04.019589Z,2026-10-06T05:56:04.019589Z
Swiggy,smartrecruiters,https://jobs.smartrecruiters.com/Swiggy,partial,Partial,Inventory and details unfinished,Inventory or full job-description collection has not completed.,Continue saved listing/detail cursors with the existing bounds; do not treat snippets or unfinished work as full coverage.,2026-10-04T23:21:28.352491Z,2026-10-05T23:21:28.352491Z
Tata Consultancy Services,generic,https://www.tcs.com/careers/india,partial,Partial,Inventory and details unfinished,Inventory or full job-description collection has not completed.,Continue saved listing/detail cursors with the existing bounds; do not treat snippets or unfinished work as full coverage.,2026-10-06T06:33:43.433800Z,2026-10-07T06:33:43.433800Z
Tencent,workday,https://tencent.wd1.myworkdayjobs.com/tencent_careers,partial,Partial,Inventory and details unfinished,Inventory or full job-description collection has not completed.,Continue saved listing/detail cursors with the existing bounds; do not treat snippets or unfinished work as full coverage.,2026-10-05T14:58:37.040982Z,2026-10-06T14:58:37.040982Z
Tencent,workday,https://tencent.wd1.myworkdayjobs.com/tencent_careers,partial,Partial,Inventory and details unfinished,Inventory or full job-description collection has not completed.,Continue saved listing/detail cursors with the existing bounds; do not treat snippets or unfinished work as full coverage.,2026-10-04T23:21:41.794449Z,2026-10-05T23:21:41.794449Z
TMX,workday,https://tmx.wd3.myworkdayjobs.com/tmx_careers,partial,Partial,Inventory and details unfinished,Inventory or full job-description collection has not completed.,Continue saved listing/detail cursors with the existing bounds; do not treat snippets or unfinished work as full coverage.,2026-10-04T19:48:26.759812Z,2026-10-05T19:48:26.759812Z
Wise,smartrecruiters,https://wise.jobs/,partial,Partial,Inventory and details unfinished,Inventory or full job-description collection has not completed.,Continue saved listing/detail cursors with the existing bounds; do not treat snippets or unfinished work as full coverage.,2026-10-04T19:47:08.544808Z,2026-10-05T19:47:08.544808Z
Zoho,generic,https://www.zoho.com/careers/,partial,Partial,Inventory and details unfinished,Inventory or full job-description collection has not completed.,Continue saved listing/detail cursors with the existing bounds; do not treat snippets or unfinished work as full coverage.,2026-10-07T16:30:04.131720Z,2026-10-08T16:30:04.131720Z
Bloomberg,generic,https://bloomberg.avature.net/careers/SearchJobs,partial,Partial,Inventory unfinished,The bounded inventory scan has not proved complete coverage.,Continue its saved cursor and verify page totals/termination before making absence or closure claims.,2026-10-05T22:48:00.868706Z,2026-10-06T22:48:00.868706Z
BNP Paribas,generic,https://group.bnpparibas/en/careers/all-job-offers,partial,Partial,Inventory unfinished,The bounded inventory scan has not proved complete coverage.,Continue its saved cursor and verify page totals/termination before making absence or closure claims.,2026-10-05T22:46:59.921892Z,2026-10-06T22:46:59.921892Z
Discovery feeds,internshala,https://internshala.com/internships/work-from-home-artificial intelligence-internship/,partial,Partial,Inventory unfinished,The bounded inventory scan has not proved complete coverage.,Continue its saved cursor and verify page totals/termination before making absence or closure claims.,2026-10-07T16:57:17.929314Z,2026-10-08T16:57:17.929314Z
Discovery feeds,internshala,https://internshala.com/internships/work-from-home-backend development-internship/,partial,Partial,Inventory unfinished,The bounded inventory scan has not proved complete coverage.,Continue its saved cursor and verify page totals/termination before making absence or closure claims.,2026-10-07T16:54:10.438346Z,2026-10-08T16:54:10.438346Z
Discovery feeds,internshala,https://internshala.com/internships/work-from-home-full stack development-internship/,partial,Partial,Inventory unfinished,The bounded inventory scan has not proved complete coverage.,Continue its saved cursor and verify page totals/termination before making absence or closure claims.,2026-10-07T16:52:43.530089Z,2026-10-08T16:52:43.530089Z
Discovery feeds,internshala,https://internshala.com/internships/work-from-home-machine learning-internship/,partial,Partial,Inventory unfinished,The bounded inventory scan has not proved complete coverage.,Continue its saved cursor and verify page totals/termination before making absence or closure claims.,2026-10-07T16:57:52.071829Z,2026-10-08T16:57:52.071829Z
Discovery feeds,internshala,https://internshala.com/internships/work-from-home-python%2Fdjango-internship/,partial,Partial,Inventory unfinished,The bounded inventory scan has not proved complete coverage.,Continue its saved cursor and verify page totals/termination before making absence or closure claims.,2026-10-07T16:57:19.492507Z,2026-10-08T16:57:19.492507Z
Discovery feeds,internshala,https://internshala.com/internships/work-from-home-software development-internship/,partial,Partial,Inventory unfinished,The bounded inventory scan has not proved complete coverage.,Continue its saved cursor and verify page totals/termination before making absence or closure claims.,2026-10-07T16:52:45.753222Z,2026-10-08T16:52:45.753222Z
Discovery feeds,linkedin,https://www.linkedin.com/jobs/search/?keywords=research+assistant&location=India,partial,Partial,Inventory unfinished,The bounded inventory scan has not proved complete coverage.,Continue its saved cursor and verify page totals/termination before making absence or closure claims.,2026-10-05T14:59:03.623938Z,2026-10-06T14:59:03.623938Z
Electronic Arts,generic,https://jobs.ea.com/en_US/careers/SearchJobs,partial,Partial,Inventory unfinished,The bounded inventory scan has not proved complete coverage.,Continue its saved cursor and verify page totals/termination before making absence or closure claims.,2026-10-05T22:46:42.647157Z,2026-10-06T22:46:42.647157Z
LSEG,workday,https://lseg.wd3.myworkdayjobs.com/careers,partial,Partial,Inventory unfinished,The bounded inventory scan has not proved complete coverage.,Continue its saved cursor and verify page totals/termination before making absence or closure claims.,2026-10-05T22:47:30.072033Z,2026-10-06T22:47:30.072033Z
ABB,generic,https://carrieres.brightloop.fr/fr/brightloop-converters/,error,Broken,Public integration needed,The career page exposes no supported public JobPosting inventory.,Inspect official links/scripts for an evidenced public ATS/feed and add a tested adapter; manual capture remains available.,2026-10-07T14:39:12.374879Z,2026-10-08T14:39:12.374879Z
Accenture,generic,https://www.accenture.com/au-en/careers/jobsearch,error,Broken,Public integration needed,The career page exposes no supported public JobPosting inventory.,Inspect official links/scripts for an evidenced public ATS/feed and add a tested adapter; manual capture remains available.,2026-10-07T14:35:15.319330Z,2026-10-10T06:35:15.319330Z
Accenture,generic,https://www.accenture.com/br-pt/careers/jobsearch,error,Broken,Public integration needed,The career page exposes no supported public JobPosting inventory.,Inspect official links/scripts for an evidenced public ATS/feed and add a tested adapter; manual capture remains available.,2026-10-07T14:35:19.091520Z,2026-10-10T06:35:19.091520Z
Airbnb,generic,https://magnit-airbnb.talentnet.community/,error,Broken,Public integration needed,The career page exposes no supported public JobPosting inventory.,Inspect official links/scripts for an evidenced public ATS/feed and add a tested adapter; manual capture remains available.,2026-10-06T06:35:52.541854Z,2026-10-07T06:35:52.541854Z
AMD,generic,https://careers.amd.com/careers-home/jobs,error,Broken,Public integration needed,The career page exposes no supported public JobPosting inventory.,Inspect official links/scripts for an evidenced public ATS/feed and add a tested adapter; manual capture remains available.,2026-10-07T14:35:12.917500Z,2026-10-10T06:35:12.917500Z
Apple,generic,https://jobs.apple.com/en-us/search?page=1,error,Broken,Public integration needed,The career page exposes no supported public JobPosting inventory.,Inspect official links/scripts for an evidenced public ATS/feed and add a tested adapter; manual capture remains available.,2026-10-07T14:35:08.310769Z,2026-10-10T06:35:08.310769Z
Barclays,generic,https://barclays.talent-community.com/projects,error,Broken,Public integration needed,The career page exposes no supported public JobPosting inventory.,Inspect official links/scripts for an evidenced public ATS/feed and add a tested adapter; manual capture remains available.,2026-10-07T14:35:25.949872Z,2026-10-10T06:35:25.949872Z
BlackRock,generic,https://blackrock.tal.net/vx/candidate/jobboard/vacancy/1/adv,error,Broken,Public integration needed,The career page exposes no supported public JobPosting inventory.,Inspect official links/scripts for an evidenced public ATS/feed and add a tested adapter; manual capture remains available.,2026-10-05T22:44:20.510969Z,2026-10-06T22:44:20.510969Z
Booking.com,generic,https://jobs.booking.com/booking/jobs,error,Broken,Public integration needed,The career page exposes no supported public JobPosting inventory.,Inspect official links/scripts for an evidenced public ATS/feed and add a tested adapter; manual capture remains available.,2026-10-07T14:37:27.506667Z,2026-10-08T14:37:27.506667Z
Bosch,generic,https://app.mokahr.com/campus-recruitment/bosch/73873,error,Broken,Public integration needed,The career page exposes no supported public JobPosting inventory.,Inspect official links/scripts for an evidenced public ATS/feed and add a tested adapter; manual capture remains available.,2026-10-07T14:35:22.394470Z,2026-10-10T06:35:22.394470Z
Celebal Technologies,generic,https://celebaltech.com/careers,error,Broken,Public integration needed,The career page exposes no supported public JobPosting inventory.,Inspect official links/scripts for an evidenced public ATS/feed and add a tested adapter; manual capture remains available.,2026-10-06T06:33:04.500491Z,2026-10-07T06:33:04.500491Z
Chargebee,generic,https://www.chargebee.com/careers/,error,Broken,Public integration needed,The career page exposes no supported public JobPosting inventory.,Inspect official links/scripts for an evidenced public ATS/feed and add a tested adapter; manual capture remains available.,2026-10-06T06:33:20.622602Z,2026-10-07T06:33:20.622602Z
CoinSwitch,generic,https://recruiterflow.com/coinswitch/jobs,error,Broken,Public integration needed,The career page exposes no supported public JobPosting inventory.,Inspect official links/scripts for an evidenced public ATS/feed and add a tested adapter; manual capture remains available.,2026-10-06T06:32:23.306626Z,2026-10-07T06:32:23.306626Z
Da Vinci Derivatives,generic,https://www.davincitrading.com/careers/,error,Broken,Public integration needed,The career page exposes no supported public JobPosting inventory.,Inspect official links/scripts for an evidenced public ATS/feed and add a tested adapter; manual capture remains available.,2026-10-03T21:29:02.790609Z,2026-10-05T21:29:02.790609Z
Darwinbox,generic,https://darwinbox.com/careers,error,Broken,Public integration needed,The career page exposes no supported public JobPosting inventory.,Inspect official links/scripts for an evidenced public ATS/feed and add a tested adapter; manual capture remains available.,2026-10-04T15:30:25.697466Z,2026-10-06T15:30:25.697466Z
Deloitte,generic,https://apply.deloitte.ch/CHCareers,error,Broken,Public integration needed,The career page exposes no supported public JobPosting inventory.,Inspect official links/scripts for an evidenced public ATS/feed and add a tested adapter; manual capture remains available.,2026-10-07T14:37:41.285753Z,2026-10-08T14:37:41.285753Z
Deloitte,generic,https://careers.deloitte.ca/,error,Broken,Public integration needed,The career page exposes no supported public JobPosting inventory.,Inspect official links/scripts for an evidenced public ATS/feed and add a tested adapter; manual capture remains available.,2026-10-05T14:58:34.121902Z,2026-10-06T14:58:34.121902Z
Deloitte,generic,https://jobs.jobconvo.com/pt-br/careers/Deloitte/ddf2b2f5-cc30-4503-8ec8-458f9869e2ba/,error,Broken,Public integration needed,The career page exposes no supported public JobPosting inventory.,Inspect official links/scripts for an evidenced public ATS/feed and add a tested adapter; manual capture remains available.,2026-10-05T14:58:45.823672Z,2026-10-06T14:58:45.823672Z
Dream11,generic,https://dreamsports.group/careers/,error,Broken,Public integration needed,The career page exposes no supported public JobPosting inventory.,Inspect official links/scripts for an evidenced public ATS/feed and add a tested adapter; manual capture remains available.,2026-10-04T15:29:42.845143Z,2026-10-06T15:29:42.845143Z
DSC PIPES AND TUBES Private Limited,generic,https://dscpipesandtubes.com/careers-in-steel-industry/,error,Broken,Public integration needed,The career page exposes no supported public JobPosting inventory.,Inspect official links/scripts for an evidenced public ATS/feed and add a tested adapter; manual capture remains available.,2026-10-06T06:32:00.609332Z,2026-10-07T06:32:00.609332Z
FIS,generic,https://careers.fisglobal.com/,error,Broken,Public integration needed,The career page exposes no supported public JobPosting inventory.,Inspect official links/scripts for an evidenced public ATS/feed and add a tested adapter; manual capture remains available.,2026-10-06T06:33:19.907273Z,2026-10-07T06:33:19.907273Z
Flipkart,generic,https://flipkart.turbohire.co/careerpage/4d757ba0-3d57-448a-b82c-238ed87ac90f,error,Broken,Public integration needed,The career page exposes no supported public JobPosting inventory.,Inspect official links/scripts for an evidenced public ATS/feed and add a tested adapter; manual capture remains available.,2026-10-07T14:35:06.541512Z,2026-10-10T06:35:06.541512Z
Fractal,generic,https://fractal.ai/careers/,error,Broken,Public integration needed,The career page exposes no supported public JobPosting inventory.,Inspect official links/scripts for an evidenced public ATS/feed and add a tested adapter; manual capture remains available.,2026-10-04T15:29:51.951694Z,2026-10-06T15:29:51.951694Z
GE HealthCare,generic,https://app.mokahr.com/campus-recruitment/gehc/142250,error,Broken,Public integration needed,The career page exposes no supported public JobPosting inventory.,Inspect official links/scripts for an evidenced public ATS/feed and add a tested adapter; manual capture remains available.,2026-10-07T14:39:00.234105Z,2026-10-08T14:39:00.234105Z
Graviton,generic,https://www.gravitontrading.com/careers.html,error,Broken,Public integration needed,The career page exposes no supported public JobPosting inventory.,Inspect official links/scripts for an evidenced public ATS/feed and add a tested adapter; manual capture remains available.,2026-10-04T15:29:32.240972Z,2026-10-06T15:29:32.240972Z
Groq,generic,https://jobs.gem.com/groq,error,Broken,Public integration needed,The career page exposes no supported public JobPosting inventory.,Inspect official links/scripts for an evidenced public ATS/feed and add a tested adapter; manual capture remains available.,2026-10-06T06:32:56.170512Z,2026-10-07T06:32:56.170512Z
Hasura,generic,https://hasura.io/careers/,error,Broken,Public integration needed,The career page exposes no supported public JobPosting inventory.,Inspect official links/scripts for an evidenced public ATS/feed and add a tested adapter; manual capture remains available.,2026-10-04T15:30:18.797622Z,2026-10-06T15:30:18.797622Z
HCL Technologies,generic,https://careers.hcltech.com/,error,Broken,Public integration needed,The career page exposes no supported public JobPosting inventory.,Inspect official links/scripts for an evidenced public ATS/feed and add a tested adapter; manual capture remains available.,2026-10-05T22:47:48.400020Z,2026-10-06T22:47:48.400020Z
HP,generic,https://apply.hp.com/careers,error,Broken,Public integration needed,The career page exposes no supported public JobPosting inventory.,Inspect official links/scripts for an evidenced public ATS/feed and add a tested adapter; manual capture remains available.,2026-10-06T06:33:17.780386Z,2026-10-07T06:33:17.780386Z
HSBC,generic,https://apply.careers.hsbc.com/search/,error,Broken,Public integration needed,The career page exposes no supported public JobPosting inventory.,Inspect official links/scripts for an evidenced public ATS/feed and add a tested adapter; manual capture remains available.,2026-10-05T22:44:49.647274Z,2026-10-06T22:44:49.647274Z
HSBC,generic,https://www.hsbc.com.mt/careers/hbmt/,error,Broken,Public integration needed,The career page exposes no supported public JobPosting inventory.,Inspect official links/scripts for an evidenced public ATS/feed and add a tested adapter; manual capture remains available.,2026-10-05T22:44:41.525541Z,2026-10-06T22:44:41.525541Z
Hyperverge,generic,https://hyperverge.co/careers/,error,Broken,Public integration needed,The career page exposes no supported public JobPosting inventory.,Inspect official links/scripts for an evidenced public ATS/feed and add a tested adapter; manual capture remains available.,2026-10-03T21:29:22.936987Z,2026-10-05T21:29:22.936987Z
IBM,generic,https://ibm.dejobs.org/jobs/,error,Broken,Public integration needed,The career page exposes no supported public JobPosting inventory.,Inspect official links/scripts for an evidenced public ATS/feed and add a tested adapter; manual capture remains available.,2026-10-07T14:35:27.334923Z,2026-10-10T06:35:27.334923Z
IBM,generic,https://www.zurich.ibm.com/careers/,error,Broken,Public integration needed,The career page exposes no supported public JobPosting inventory.,Inspect official links/scripts for an evidenced public ATS/feed and add a tested adapter; manual capture remains available.,2026-10-07T14:35:46.524234Z,2026-10-10T06:35:46.524234Z
IMC,generic,https://careers.imc.com/us/en/search-results,error,Broken,Public integration needed,The career page exposes no supported public JobPosting inventory.,Inspect official links/scripts for an evidenced public ATS/feed and add a tested adapter; manual capture remains available.,2026-10-04T15:31:07.068652Z,2026-10-06T15:31:07.068652Z
Infosys,generic,https://digitalcareers.infosys.com/infosys/global-careers,error,Broken,Public integration needed,The career page exposes no supported public JobPosting inventory.,Inspect official links/scripts for an evidenced public ATS/feed and add a tested adapter; manual capture remains available.,2026-10-07T14:35:05.261149Z,2026-10-10T06:35:05.261149Z
Innovaccer,generic,https://innovaccer.com/careers,error,Broken,Public integration needed,The career page exposes no supported public JobPosting inventory.,Inspect official links/scripts for an evidenced public ATS/feed and add a tested adapter; manual capture remains available.,2026-10-04T15:30:18.037626Z,2026-10-06T15:30:18.037626Z
Jupiter,generic,https://jupiter.money/careers/,error,Broken,Public integration needed,The career page exposes no supported public JobPosting inventory.,Inspect official links/scripts for an evidenced public ATS/feed and add a tested adapter; manual capture remains available.,2026-10-03T21:29:04.566211Z,2026-10-05T21:29:04.566211Z
Juspay,generic,https://juspay.io/careers,error,Broken,Public integration needed,The career page exposes no supported public JobPosting inventory.,Inspect official links/scripts for an evidenced public ATS/feed and add a tested adapter; manual capture remains available.,2026-10-04T15:30:08.050064Z,2026-10-06T15:30:08.050064Z
Lenovo,generic,https://jobs.lenovo.com/en_US/careers/SearchJobs,error,Broken,Public integration needed,The career page exposes no supported public JobPosting inventory.,Inspect official links/scripts for an evidenced public ATS/feed and add a tested adapter; manual capture remains available.,2026-10-04T19:45:39.409285Z,2026-10-05T19:45:39.409285Z
LTIMindtree,generic,https://ltimindtree.ripplehire.com/candidate/?lang=en&source=CAREERSITE,error,Broken,Public integration needed,The career page exposes no supported public JobPosting inventory.,Inspect official links/scripts for an evidenced public ATS/feed and add a tested adapter; manual capture remains available.,2026-10-05T22:47:37.792857Z,2026-10-06T22:47:37.792857Z
LTIMindtree,generic,https://ltimindtree.ripplehire.com/candidate/?lang=en&source=CAREERSITE,error,Broken,Public integration needed,The career page exposes no supported public JobPosting inventory.,Inspect official links/scripts for an evidenced public ATS/feed and add a tested adapter; manual capture remains available.,2026-10-05T22:47:49.115449Z,2026-10-06T22:47:49.115449Z
Media.net,generic,https://www.media.net/careers,error,Broken,Public integration needed,The career page exposes no supported public JobPosting inventory.,Inspect official links/scripts for an evidenced public ATS/feed and add a tested adapter; manual capture remains available.,2026-10-04T15:29:58.707859Z,2026-10-06T15:29:58.707859Z
Microsoft,generic,https://careers.microsoft.com/,error,Broken,Public integration needed,The career page exposes no supported public JobPosting inventory.,Inspect official links/scripts for an evidenced public ATS/feed and add a tested adapter; manual capture remains available.,2026-10-06T06:35:26.542429Z,2026-10-07T06:35:26.542429Z
Nokia,generic,https://jobs.nokia.com/en/sites/CX_1/jobs,error,Broken,Public integration needed,The career page exposes no supported public JobPosting inventory.,Inspect official links/scripts for an evidenced public ATS/feed and add a tested adapter; manual capture remains available.,2026-10-05T14:58:55.907640Z,2026-10-06T14:58:55.907640Z
Nykaa,generic,https://www.nykaa.com/careers,error,Broken,Public integration needed,The career page exposes no supported public JobPosting inventory.,Inspect official links/scripts for an evidenced public ATS/feed and add a tested adapter; manual capture remains available.,2026-10-03T21:29:05.166335Z,2026-10-05T21:29:05.166335Z
Philips,generic,https://www.careers.philips.com/,error,Broken,Public integration needed,The career page exposes no supported public JobPosting inventory.,Inspect official links/scripts for an evidenced public ATS/feed and add a tested adapter; manual capture remains available.,2026-10-07T14:39:10.122036Z,2026-10-08T14:39:10.122036Z
Planys Technologies,generic,https://planystech.com/careers/,error,Broken,Public integration needed,The career page exposes no supported public JobPosting inventory.,Inspect official links/scripts for an evidenced public ATS/feed and add a tested adapter; manual capture remains available.,2026-10-04T15:30:01.321089Z,2026-10-06T15:30:01.321089Z
Quadeye,generic,https://www.quadeye.com/careers,error,Broken,Public integration needed,The career page exposes no supported public JobPosting inventory.,Inspect official links/scripts for an evidenced public ATS/feed and add a tested adapter; manual capture remains available.,2026-10-03T21:29:30.400639Z,2026-10-05T21:29:30.400639Z
Salesforce,generic,https://trailhead.salesforce.com/career-path/,error,Broken,Public integration needed,The career page exposes no supported public JobPosting inventory.,Inspect official links/scripts for an evidenced public ATS/feed and add a tested adapter; manual capture remains available.,2026-10-07T14:37:37.497262Z,2026-10-08T14:37:37.497262Z
Setu,generic,https://setu.co/careers,error,Broken,Public integration needed,The career page exposes no supported public JobPosting inventory.,Inspect official links/scripts for an evidenced public ATS/feed and add a tested adapter; manual capture remains available.,2026-10-04T08:38:07.155450Z,2026-10-06T08:38:07.155450Z
Siemens,generic,https://jobs.siemens.com/en_US/externaljobs/SearchJobs,error,Broken,Public integration needed,The career page exposes no supported public JobPosting inventory.,Inspect official links/scripts for an evidenced public ATS/feed and add a tested adapter; manual capture remains available.,2026-10-07T14:35:13.615096Z,2026-10-10T06:35:13.615096Z
Siemens,generic,https://siemens.jobs.cz/,error,Broken,Public integration needed,The career page exposes no supported public JobPosting inventory.,Inspect official links/scripts for an evidenced public ATS/feed and add a tested adapter; manual capture remains available.,2026-10-07T14:35:29.916717Z,2026-10-10T06:35:29.916717Z
Sprinklr,generic,https://www.sprinklr.com/careers/,error,Broken,Public integration needed,The career page exposes no supported public JobPosting inventory.,Inspect official links/scripts for an evidenced public ATS/feed and add a tested adapter; manual capture remains available.,2026-10-04T15:29:40.441554Z,2026-10-06T15:29:40.441554Z
State Street,generic,https://careers.statestreet.com/,error,Broken,Public integration needed,The career page exposes no supported public JobPosting inventory.,Inspect official links/scripts for an evidenced public ATS/feed and add a tested adapter; manual capture remains available.,2026-10-05T22:44:39.583424Z,2026-10-06T22:44:39.583424Z
State Street,generic,https://careers.statestreet.com/global/en/search-results/,error,Broken,Public integration needed,The career page exposes no supported public JobPosting inventory.,Inspect official links/scripts for an evidenced public ATS/feed and add a tested adapter; manual capture remains available.,2026-10-05T22:44:38.742566Z,2026-10-06T22:44:38.742566Z
Texas Instruments,generic,https://careers.ti.com/en/sites/CX/jobs,error,Broken,Public integration needed,The career page exposes no supported public JobPosting inventory.,Inspect official links/scripts for an evidenced public ATS/feed and add a tested adapter; manual capture remains available.,2026-10-07T14:39:05.381214Z,2026-10-08T14:39:05.381214Z
Thoughtworks,generic,https://www.thoughtworks.com/careers,error,Broken,Public integration needed,The career page exposes no supported public JobPosting inventory.,Inspect official links/scripts for an evidenced public ATS/feed and add a tested adapter; manual capture remains available.,2026-10-06T06:33:42.474034Z,2026-10-07T06:33:42.474034Z
UBS,generic,https://jobs.ubs.com/TGnewUI/Search/home/HomeWithPreLoad,error,Broken,Public integration needed,The career page exposes no supported public JobPosting inventory.,Inspect official links/scripts for an evidenced public ATS/feed and add a tested adapter; manual capture remains available.,2026-10-05T22:44:28.841326Z,2026-10-06T22:44:28.841326Z
UBS,generic,https://jobs.ubs.com/TGnewUI/Search/home/HomeWithPreLoad,error,Broken,Public integration needed,The career page exposes no supported public JobPosting inventory.,Inspect official links/scripts for an evidenced public ATS/feed and add a tested adapter; manual capture remains available.,2026-10-05T22:44:23.148214Z,2026-10-06T22:44:23.148214Z
Wadhwani AI,generic,https://www.wadhwaniai.org/careers/,error,Broken,Public integration needed,The career page exposes no supported public JobPosting inventory.,Inspect official links/scripts for an evidenced public ATS/feed and add a tested adapter; manual capture remains available.,2026-10-03T21:29:29.600447Z,2026-10-05T21:29:29.600447Z
Walmart,generic,https://careers.walmart.com/us/en/results,error,Broken,Public integration needed,The career page exposes no supported public JobPosting inventory.,Inspect official links/scripts for an evidenced public ATS/feed and add a tested adapter; manual capture remains available.,2026-10-07T14:35:35.477120Z,2026-10-10T06:35:35.477120Z
Whatfix,generic,https://whatfix.com/careers/,error,Broken,Public integration needed,The career page exposes no supported public JobPosting inventory.,Inspect official links/scripts for an evidenced public ATS/feed and add a tested adapter; manual capture remains available.,2026-10-03T21:29:13.924036Z,2026-10-05T21:29:13.924036Z
Wipro,generic,https://careers.wipro.com/viewalljobs/,error,Broken,Public integration needed,The career page exposes no supported public JobPosting inventory.,Inspect official links/scripts for an evidenced public ATS/feed and add a tested adapter; manual capture remains available.,2026-10-05T22:47:46.437201Z,2026-10-06T22:47:46.437201Z
Zepto,generic,https://www.zeptonow.com/careers,error,Broken,Public integration needed,The career page exposes no supported public JobPosting inventory.,Inspect official links/scripts for an evidenced public ATS/feed and add a tested adapter; manual capture remains available.,2026-10-03T21:28:54.998271Z,2026-10-05T21:28:54.998271Z
Zerodha,generic,https://zerodha.com/careers/,error,Broken,Public integration needed,The career page exposes no supported public JobPosting inventory.,Inspect official links/scripts for an evidenced public ATS/feed and add a tested adapter; manual capture remains available.,2026-10-03T21:29:14.468729Z,2026-10-05T21:29:14.468729Z
Dell Technologies,workday,https://dell.wd1.myworkdayjobs.com/External,error,Broken,Request schema,The public service rejects the configured request with HTTP422.,Verify the official public request parameters/body and repair only the evidenced schema.,2026-10-07T14:38:45.594525Z,2026-10-08T14:38:45.594525Z
NIO,workday,https://nio.wd3.myworkdayjobs.com/nio_careers,error,Broken,Request schema,The public service rejects the configured request with HTTP422.,Verify the official public request parameters/body and repair only the evidenced schema.,2026-10-04T23:20:35.474759Z,2026-10-05T23:20:35.474759Z
Apple,generic,https://www.apple.com/careers/us/,error,Broken,Response limit,A public response exceeds the bounded size limit.,Prefer a verified paginated feed or allow a narrowly declared JSON limit after measuring the real payload.,2026-10-07T16:30:25.627947Z,2026-10-10T08:30:25.627947Z
Discovery feeds,linkedin,https://www.linkedin.com/jobs/,error,Broken,Timeout,The provider did not finish within its bounded request time.,Retry a smaller explicit target query or use the employer's supported public ATS; keep timeout visible.,2026-10-07T07:23:01.464844Z,2026-10-08T07:23:01.464844Z
Discovery feeds,linkedin,https://www.linkedin.com/jobs/search/?keywords=AI+intern&location=India,error,Broken,Timeout,The provider did not finish within its bounded request time.,Retry a smaller explicit target query or use the employer's supported public ATS; keep timeout visible.,2026-10-05T14:57:24.250686Z,2026-10-06T14:57:24.250686Z
Discovery feeds,linkedin,https://www.linkedin.com/jobs/search/?keywords=NLP+intern&location=India,error,Broken,Timeout,The provider did not finish within its bounded request time.,Retry a smaller explicit target query or use the employer's supported public ATS; keep timeout visible.,2026-10-05T14:57:05.845538Z,2026-10-06T14:57:05.845538Z
Discovery feeds,linkedin,https://www.linkedin.com/jobs/search/?keywords=backend+developer+intern&location=India,error,Broken,Timeout,The provider did not finish within its bounded request time.,Retry a smaller explicit target query or use the employer's supported public ATS; keep timeout visible.,2026-10-05T14:55:41.336012Z,2026-10-06T14:55:41.336012Z
Discovery feeds,linkedin,https://www.linkedin.com/jobs/search/?keywords=data+science+intern&location=India,error,Broken,Timeout,The provider did not finish within its bounded request time.,Retry a smaller explicit target query or use the employer's supported public ATS; keep timeout visible.,2026-10-05T14:55:57.203915Z,2026-10-06T14:55:57.203915Z
Discovery feeds,linkedin,https://www.linkedin.com/jobs/search/?keywords=frontend+developer+intern&location=India,error,Broken,Timeout,The provider did not finish within its bounded request time.,Retry a smaller explicit target query or use the employer's supported public ATS; keep timeout visible.,2026-10-05T14:55:56.485789Z,2026-10-06T14:55:56.485789Z
Discovery feeds,linkedin,https://www.linkedin.com/jobs/search/?keywords=machine+learning+intern&location=India,error,Broken,Timeout,The provider did not finish within its bounded request time.,Retry a smaller explicit target query or use the employer's supported public ATS; keep timeout visible.,2026-10-05T14:57:04.008268Z,2026-10-06T14:57:04.008268Z
Discovery feeds,linkedin,https://www.linkedin.com/jobs/search/?keywords=software+engineer+intern&location=India,error,Broken,Timeout,The provider did not finish within its bounded request time.,Retry a smaller explicit target query or use the employer's supported public ATS; keep timeout visible.,2026-10-05T14:55:40.271800Z,2026-10-06T14:55:40.271800Z
Glance,greenhouse,https://boards.greenhouse.io/glance,error,Broken,URL or DNS,The configured URL fails public-URL validation or DNS resolution.,Check the official hostname and redirect evidence; preserve URL validation and reject private/unsafe targets.,2026-10-04T23:20:55.244632Z,2026-10-05T23:20:55.244632Z
LTIMindtree,generic,https://careers.ltimindtree.com/search/,error,Broken,URL or DNS,The configured URL fails public-URL validation or DNS resolution.,Check the official hostname and redirect evidence; preserve URL validation and reject private/unsafe targets.,2026-10-05T22:47:27.494163Z,2026-10-06T22:47:27.494163Z
Persistent Systems,generic,https://careers.persistent.com/,error,Broken,Upstream unavailable,The public service is unavailable or rate limited.,Retry with bounded backoff; retain the failure until a successful fresh check.,2026-10-07T16:42:02.357172Z,2026-10-10T08:42:02.357172Z
